Product, Price
Samsung 253 L Frost Free Double Door 2 Star Refrigerator,₹19|190
Haier 347 L Frost Free Double Door 3 Star Refrigerator,₹25|849
Samsung 253 L Frost Free Double Door 4 Star Refrigerator,₹23|490
Samsung 253 L Frost Free Double Door 2 Star Refrigerator,₹22|599
Samsung 345 L Frost Free Double Door 3 Star Refrigerator,₹33|090
LG 260 L Frost Free Double Door 3 Star Refrigerator,₹22|990
Haier 310 L Frost Free Double Door 3 Star Refrigerator,₹24|199
LG 260 L Frost Free Double Door 4 Star Refrigerator,₹23|990
Samsung 324 L Frost Free Double Door 3 Star Refrigerator,₹29|890
Haier 320 L Frost Free Double Door 3 Star Refrigerator,₹24|699
Whirlpool 292 L Frost Free Double Door 3 Star Refrigerator,₹24|490
Godrej 236 L Frost Free Double Door 2 Star Refrigerator,₹17|099
LG 260 L Frost Free Double Door 4 Star Refrigerator,₹23|699
Samsung 253 L Frost Free Double Door 4 Star Refrigerator,₹23|490
Whirlpool 245 L Frost Free Double Door 2 Star Refrigerator,₹17|990
Whirlpool 245 L Frost Free Double Door 2 Star Refrigerator,₹17|990
Samsung 253 L Frost Free Double Door 2 Star Refrigerator,₹22|149
Samsung 275 L Frost Free Double Door 3 Star Refrigerator,₹23|749
Samsung 253 L Frost Free Double Door 2 Star Refrigerator,₹22|599
Samsung 253 L Frost Free Double Door 2 Star Refrigerator,₹19|190
Whirlpool 245 L Frost Free Double Door 2 Star Refrigerator,₹19|490
Whirlpool 340 L Frost Free Double Door 2 Star Refrigerator,₹26|990
Whirlpool 292 L Frost Free Double Door 3 Star Refrigerator,₹24|449
Samsung 324 L Frost Free Double Door 3 Star Refrigerator,₹29|890
